"Name","Status","Priority","Phase","Time"
"Project Setup and Structure","Not Started","High","Foundation","2 hours"
"Create Solution Structure","Not Started","High","Foundation","1 hour"
"Setup .NET Core Console Application","Not Started","High","Foundation","30 minutes"
"Configure IoC Container (Microsoft.Extensions.DependencyInjection)","Not Started","High","Foundation","1 hour"
"Setup Configuration System","Not Started","High","Foundation","1 hour"
"Create appsettings.json with Game Configuration","Not Started","High","Foundation","30 minutes"
"Domain Model Design","Not Started","High","Architecture","2 hours"
"Create Wallet Entity","Not Started","High","Architecture","30 minutes"
"Create Player Entity","Not Started","High","Architecture","30 minutes"
"Create Game Configuration Models","Not Started","High","Architecture","30 minutes"
"Create Result Objects","Not Started","High","Architecture","1 hour"
"Create Command Pattern Implementation","Not Started","High","Architecture","2 hours"
"Create ICommand Interface","Not Started","High","Architecture","15 minutes"
"Create Command Result Base Class","Not Started","High","Architecture","30 minutes"
"Create Deposit Command","Not Started","High","Commands","1 hour"
"Create Withdraw Command","Not Started","High","Commands","1 hour"
"Create Bet Command","Not Started","High","Commands","2 hours"
"Create Exit Command","Not Started","Medium","Commands","30 minutes"
"Validation System","Not Started","High","Validation","2 hours"
"Create Amount Validation Service","Not Started","High","Validation","1 hour"
"Create Bet Amount Validation (1-10 range)","Not Started","High","Validation","30 minutes"
"Create Balance Validation for Withdrawals","Not Started","High","Validation","1 hour"
"Create Positive Amount Validation","Not Started","High","Validation","30 minutes"
"Game Logic Implementation","Not Started","High","Game Logic","3 hours"
"Create Game Engine Service","Not Started","High","Game Logic","1 hour"
"Implement Random Number Generation (Cryptography)","Not Started","High","Game Logic","1 hour"
"Implement Win/Loss Probability Logic","Not Started","High","Game Logic","1 hour"
"Implement Payout Calculation","Not Started","High","Game Logic","1 hour"
"Wallet Service Implementation","Not Started","High","Services","2 hours"
"Create IWalletService Interface","Not Started","High","Services","15 minutes"
"Create WalletService Implementation","Not Started","High","Services","1 hour"
"Implement Balance Management","Not Started","High","Services","45 minutes"
"I/O Abstraction Layer","Not Started","High","I/O","2 hours"
"Create IConsole Interface","Not Started","High","I/O","30 minutes"
"Create Console Implementation","Not Started","High","I/O","30 minutes"
"Create IInputService Interface","Not Started","High","I/O","30 minutes"
"Create InputService Implementation","Not Started","High","I/O","30 minutes"
"Application Flow and Main Program","Not Started","High","Application","2 hours"
"Create Main Program Loop","Not Started","High","Application","1 hour"
"Implement Command Processing","Not Started","High","Application","1 hour"
"Configuration Management","Not Started","High","Configuration","1 hour"
"Create Game Configuration Class","Not Started","High","Configuration","30 minutes"
"Setup Configuration Binding","Not Started","High","Configuration","30 minutes"
"Dependency Injection Setup","Not Started","High","DI","1 hour"
"Register All Services in IoC Container","Not Started","High","DI","30 minutes"
"Register Configuration Services","Not Started","High","DI","30 minutes"
"Unit Tests Implementation","Not Started","High","Testing","4 hours"
"Create Test Project Structure","Not Started","High","Testing","30 minutes"
"Unit Tests for Wallet Service","Not Started","High","Testing","1 hour"
"Unit Tests for Game Engine","Not Started","High","Testing","1 hour"
"Unit Tests for Validation Services","Not Started","High","Testing","1 hour"
"Unit Tests for Commands","Not Started","High","Testing","1 hour"
"Unit Tests for Configuration","Not Started","High","Testing","30 minutes"
"Integration Tests","Not Started","High","Testing","3 hours"
"Create Integration Test Project","Not Started","High","Testing","30 minutes"
"Integration Tests for Complete Game Flow","Not Started","High","Testing","1 hour"
"Integration Tests for Command Processing","Not Started","High","Testing","1 hour"
"Integration Tests for Configuration Loading","Not Started","High","Testing","1 hour"
"Integration Tests for Error Handling","Not Started","High","Testing","30 minutes"
"Error Handling and Logging","Not Started","Medium","Error Handling","2 hours"
"Create Custom Exceptions","Not Started","Medium","Error Handling","30 minutes"
"Implement Error Handling in Commands","Not Started","Medium","Error Handling","1 hour"
"Add Logging Infrastructure","Not Started","Medium","Error Handling","30 minutes"
"Documentation","Not Started","Medium","Documentation","2 hours"
"Create README.md","Not Started","Medium","Documentation","1 hour"
"Create API Documentation","Not Started","Medium","Documentation","1 hour"
"Code Quality and Refactoring","Not Started","Medium","Quality","2 hours"
"Code Review and Refactoring","Not Started","Medium","Quality","1 hour"
"Performance Optimization","Not Started","Medium","Quality","1 hour"
"Final Testing and Validation","Not Started","High","Final","2 hours"
"End-to-End Testing","Not Started","High","Final","1 hour"
"Manual Testing of All Features","Not Started","High","Final","1 hour"
"Project Cleanup and Final Review","Not Started","Medium","Final","1 hour"
"Code Cleanup","Not Started","Medium","Final","30 minutes"
"Final Documentation Review","Not Started","Medium","Final","30 minutes" 